"Time (Approx), if known",Date,Day (from noon to 6am),Place,Location details,Local authority,What happened?,Source,Picture links,Icon name
18:15:00,"August 4, 2011",Thursday,Minicab,"Ferry Lane, junction with Jarrow Road, Tottenham Hale, N15",Haringey,29-year-old father of four Mark Duggan shot by police,Met Police press office,,capital_small
17:30:00,"August 6, 2011",Saturday,Tottenham Police Station,"398 High Rd, Haringey, London N17 9JA",Haringey,"Peaceful protest begins, consisting of local residents, community leaders, and some of Mark Duggan's relatives",,,placemark_circle
20:30:00,"August 6, 2011",Saturday,Tottenham Police Station,"398 High Rd, Haringey, London N17 9JA",Haringey,"Rioters broke through police ranks and attempted to storm Tottenham's police station, pelting officers with bricks, bottles and eggs. As a police helicopter flew over Tottenham High Road, youths in masks and hoods added combustible material to two burned out police cars, included a bundle of documents and an awning ripped down from one of the shops.",Live blog,,placemark_circle
0:35:00,"August 6, 2011",Saturday,Carpetright shop,Tottenham Hale,Haringey,Set on fire,Live blog,,placemark_circle
0:35:00,"August 6, 2011",Saturday,Post Office,Tottenham Hale,Haringey,Set on fire,Live blog,,placemark_circle
1:30:00,"August 6, 2011",Saturday,Boots,"Unit 2a, Tottenham Hale retail Park, Broad Lane, London N15 4QD",Haringey,"Looters attacked shelves, tills and storage areas",http://www.guardian.co.uk/uk/2011/aug/07/tottenham-riots-peaceful-protest,,placemark_circle
1:30:00,"August 6, 2011",Saturday,JD Sports,"Unit A1, Tottenham Hale retail Park, Broad Lane, London N15 4QD",Haringey,"Looters attacked shelves, tills and storage areas",http://www.guardian.co.uk/uk/2011/aug/07/tottenham-riots-peaceful-protest,,placemark_circle
1:30:00,"August 6, 2011",Saturday,O2,"Unit C4, Tottenham Hale retail Park, Broad Lane, London N15 4QD",Haringey,"Looters attacked shelves, tills and storage areas",http://www.guardian.co.uk/uk/2011/aug/07/tottenham-riots-peaceful-protest,,placemark_circle
1:30:00,"August 6, 2011",Saturday,Currys,"Unit 1, Tottenham Hale retail Park, Broad Lane, London N15 4QD",Haringey,"Looters attacked shelves, tills and storage areas",http://www.guardian.co.uk/uk/2011/aug/07/tottenham-riots-peaceful-protest,,placemark_circle
1:30:00,"August 6, 2011",Saturday,Argos,"2, Tottenham Hale retail Park, Broad Lane, London N15 4QD",Haringey,"Looters attacked shelves, tills and storage areas",http://www.guardian.co.uk/uk/2011/aug/07/tottenham-riots-peaceful-protest,,placemark_circle
1:30:00,"August 6, 2011",Saturday,PC World,"Unit 4a, Tottenham Hale retail Park, Broad Lane, London N15 4QD",Haringey,"Looters attacked shelves, tills and storage areas",http://www.guardian.co.uk/uk/2011/aug/07/tottenham-riots-peaceful-protest,,placemark_circle
1:30:00,"August 6, 2011",Saturday,Comet,"2, Tottenham Hale retail Park, Broad Lane, London N15 4QD",Haringey,"Looters attacked shelves, tills and storage areas",http://www.guardian.co.uk/uk/2011/aug/07/tottenham-riots-peaceful-protest,,placemark_circle
2:30:00,"August 6, 2011",Saturday,H&M,"Ground floor, Wood Green Mall, 159 High Road
Wood Green
N22 6YQ",Haringey,Shop looted,http://www.guardian.co.uk/uk/2011/aug/07/tottenham-riots-peaceful-protest,,placemark_circle
2:30:00,"August 6, 2011",Saturday,HMV,"Ground floor, Wood Green Mall, 159 High Road
Wood Green
N22 6YQ",Haringey,Shop looted,http://www.guardian.co.uk/uk/2011/aug/07/tottenham-riots-peaceful-protest,,placemark_circle
3:45:00,"August 6, 2011",Saturday,Haringey Magistrates Court,"Lordship Lane
Tottenham
Haringey
London N17 6RT",Haringey,"Windows smashed, rooms damaged",http://www.guardian.co.uk/uk/2011/aug/07/tottenham-riots-peaceful-protest,,placemark_circle
,"August 7, 2011",Monday,Harringay Arena Shopping centre,"Haringey, London, N4 1ED",Haringey,Shops looted,,,placemark_circle
0:25:00,"August 7, 2011",Saturday,Gay's The Word,"66 Marchmont Street, City of London WC1N 1AB",Westminster,The shop on Marchmont Street had its window completely smashed at about 12.55am.,Guardian Map,,placemark_circle
1:30:00,"August 7, 2011",Saturday,Aldi supermarket,"570 High Road, London N17 9TA - Tottenham Hale",Haringey,Ransacked and set on fire,Live blog,,placemark_circle
3:00:00,"August 7, 2011",Saturday,Monument Way,"Tottenham, Greater London N17 9",Haringey,Small fire,Guardian Map,,placemark_circle
5:40:00,"August 7, 2011",Saturday,H&M,"88-96 High Road, London N22 6HE - Wood Green",Haringey,Youths seen walking out of the store with piles of clothes,Live Blog,,placemark_circle
5:40:00,"August 7, 2011",Saturday,JD Sports,"78-80 High Road
Wood Green N22 6HE",Haringey,"Youths congregated outside store, site of possible looting",Live Blog,,placemark_circle
23:28:00,"August 7, 2011",Sunday,Fire engine,"Gresham Road, Brixton, SW9",Lambeth,Windscreen damaged by rioters as engine en route to fire,London Fire Brigade,,placemark_circle
23:42:00,"August 7, 2011",Sunday,Fire engine,"Fore Street, Edmonton N18",Enfield,Windscreen damaged by rioters as engine en route to fire,London Fire Brigade,,placemark_circle
23:45:00,"August 7, 2011",Sunday,Carphone Warehouse,"Unit 4A, The Arena Shopping Park, Haringay, N4",Haringey,Windows were smashed and content stolen. The shop was also reportedly on fire,,,placemark_circle
0:00:00,"August 7, 2011",Sunday,T-Mobile London - Palmers Green,"333 Green Lanes
London N13 4TY",Haringey,"Reports that a group of 15 people broke into the shop, smashed windows and ransacked the place. Sirens were heard in the area and metal shutters have been pulled down across the front of the store",,,placemark_circle
1:30:00,"August 7, 2011",Sunday,Design studio,"Halliford Street, Islington N1",Islington,"Computers stolen, damage caused",,,placemark_circle
1:50:00,"August 7, 2011",Sunday,Fire engine,"Effra Road, Brixton, SW2",Lambeth,Windscreen damaged by rioters as engine en route to fire,London Fire Brigade,,placemark_circle
,"August 7, 2011",Sunday,JD Sports,"166 Streatham High Rd
London SW16 1BJ",Southwark,According to readers this shop was looted on Sunday evening,Guardian map,,placemark_circle
,"August 7, 2011",Sunday,Argos,"1A Sandringham Rd
London E8 2LR",Walthamstow,Store was attacked with reports that the shutter has been broken and glass smashed,,,placemark_circle
,"August 7, 2011",Sunday,McDonalds,"518/522 Brixton Road
London SW9 8EN",Lambeth,"Along with KFC and Nandos along the same street, it has been reported that windows were smashed and stores remain closed",Guardian map,,placemark_circle
,"August 7, 2011",Sunday,WH Smith,"6, 427 Brixton Road
Brixton, Greater London SW9 8HE",Lambeth,"Smashed windows at the store, according to reports",Guardian map,,placemark_circle
,"August 7, 2011",Sunday,Blockbuster,"40-41 Topsfield Parade, London N8 8PT",,Reports that the store has been looted,Guardian Map,,placemark_circle
,"August 7, 2011",Sunday,Arena Shopping Park,"The Arena Shopping Park, Haringay, N4",Haringey,Reports of the shopping park being attacked on Sunday evening,,,placemark_circle
,"August 7, 2011",Sunday,Tesco,"Leyton Bakers Arms, Walthamstow",Walthamstow,"£100,000 estimated cost of damage after store was attacked by vandals",http://twitter.com/#!/stellacreasy/status/100505406362746880,,placemark_circle
,"August 7, 2011",Sunday,Tottenham Hotspur Football Club,"748 High Road
London N17 0AP",Enfield,Had minor damage to shop with graffiti attacking police,,,placemark_circle
,"August 7, 2011",Sunday,Oxford Circus,"Oxford St
London W1",Westminster,Approximately 50 youths congregated and caused damage to property,http://twitter.com/#!/jamesrbuk/status/100383690533773312,,placemark_circle
,"August 7, 2011",Sunday,Kings College Hospital,"Denmark Hill
London SE5 9RS",Southwark,two victims of minor stabbings were admitted resulting in a fight,http://twitter.com/#!/jamesrbuk/status/100512364331413504,,placemark_circle
,"August 7, 2011",Sunday,Kelmscott secondary school,"245 Markhouse Road
Waltham Forest, London E17 8DN",Waltham Forest,School was reportedly looted,,,placemark_circle
,"August 7, 2011",Sunday,Dalston Kingsland Centre,"Ridley Road, Hackney, E8 2LX",Hackney,Minor looting resided. Pavements filled with police stop and searching young men,,,placemark_circle
,"August 7, 2011",Sunday,"High Street
London E17 7JS",Walthamstow high street,Walthamstow,,,,placemark_circle
,"August 7, 2011",Sunday,Bus and police cars,"480 High Road, Tottenham Hale London, N17 9JF",Haringey,Scene of some of the worst rioting on Saturday night. Two police cars and bus set alight,,,placemark_circle
,"August 7, 2011",Sunday,Foot Locker,"419 Brixton Road, Brixton
London, SW9 8HE",Lambeth,"Shop looted, set on fire",http://lockerz.com/s/127627615,,placemark_circle
,"August 7, 2011",Sunday,Halfords,"Unit B 51-57 Effra Road
Brixton, London SW2 1BZ
020 7733 8307",Lambeth,Shop looted,,,placemark_circle
,"August 7, 2011",Sunday,Currys,"Unit 1
51 - 57 Effra Road
Brixton
London
SW2 1BZ",Lambeth,Shop looted,,,placemark_circle
,"August 7, 2011",Sunday,Police car,"Islington Police Station, 2 Tolpuddle Street London N1 0YY",Islington,Windows smashed by youth,Metropolitan Police,,placemark_circle
,"August 7, 2011",Sunday,Sainsburys,"3 Crown Road, Enfield",Enfield,Windows smashed and shop looted,,,placemark_circle
,"August 7, 2011",Sunday,Police car,Enfield town centre,Enfield,Windscreen smashed,,,placemark_circle
,"August 7, 2011",Sunday,Waltham Cross,"51.68755, -0.03352",Hertfordshire,A burglary occurred at Valens Jewellers in the High Street in Waltham Cross,http://www.hertfordshiremercury.co.uk/Cheshunt-and-Waltham/Police-monitor-situation-in-Waltham-Cross-07082011.htm,,placemark_circle
,"August 7, 2011",Sunday,Waltham Cross,"51.68755, -0.03352",Hertfordshire,Criminal damage occurred at Ozcan jewellers in the High Street in Waltham Cross,http://www.hertfordshiremercury.co.uk/Cheshunt-and-Waltham/Police-monitor-situation-in-Waltham-Cross-07082011.htm,,placemark_circle
21:15:00,"August 8, 2011",Tuesday,"A young man shot at Warrington Road, Croydon junction with Dupass Hill","51.36824, -0.10921",Croydon,"A 26-year old man named Trevor Ellis was found by police with gun shot wounds in Warrington Road, Croydon junction with Dupass Hill. The man was inside a car when police found him. He later died in hospital. Two men belived to be at the scene were arrested for handling stolen goods",http://content.met.police.uk/News/Disorder-updates-and-advice/1260269372559/1257246745756,Met Police,placemark_circle
21:30-22:30,"August 8, 2011",Monday,JD Sports,2 St John's Rd London SW11 1PN,Wandsworth,For close to two hours masked youths had the freedom to pillage St John's Road before police arrived at 22:30,http://www.guardian.co.uk/uk/2011/aug/09/london-riots-roundup-birmingham-liverpool,,placemark_circle
20:00:00,"August 8, 2011",Monday,Chalk Farm,"51.5417, -0.1412",Camden,Sainsbury’s was looted,http://www.london24.com/news/crime/london_riots_12_arrested_in_camden_1_988987,,placemark_circle
,"August 8, 2011",Monday,Savers,"52 Bullring Shopping Centre, Birmingham B5 4BU",Birmingham,Reports of damage at the shop caused from the riots,http://www.guardian.co.uk/uk/2011/aug/09/london-riots-roundup-birmingham-liverpool,,placemark_circle
21:30-22:30,"August 8, 2011",Monday,Foot Locker,"12-13 Saint John's Road, London SW11 1PN",Wandsworth,For close to two hours masked youths had the freedom to pillage St John's Road before police arrived at 22:30,http://www.guardian.co.uk/uk/2011/aug/09/london-riots-roundup-birmingham-liverpool,,placemark_circle
,"August 8, 2011",Monday,Catford,"Lewisham, Greater London SE6",Lewisham,"The main road, for a time, appeared to be in apparent control of groups of youths with no police in sight. Several shop windows were broken and alarms rang out. But the damage appeared unfocused – one shop targeted was an optician – and chaotic",http://www.guardian.co.uk/uk/2011/aug/09/london-riots-roundup-birmingham-liverpool,,placemark_circle
,"August 8, 2011",Monday,Carphone Warehouse,"The Arena Shopping Park, Haringey, N4 1UJ",Haringey,Shop looted,,,placemark_circle
20:00:00,"August 8, 2011",Monday,Chalk Farm,"51.54437, -0.15233",Camden,Evans Cycles was looted,http://www.london24.com/news/crime/london_riots_12_arrested_in_camden_1_988987,,placemark_circle
,"August 8, 2011",Monday,Jamie's Italian,"Bullring Shopping Centre, Bull Ring, Birmingham, B5 4BE",Birmingham,Reports of smashed windows in the restaurant but no customers or staff harmed,http://twitter.com/#!/jamieoliver/status/100861888375701504,,placemark_circle
21:00:00,"August 8, 2011",Monday,Currys,"84-86 St Johns Road, Clapham Junction SW11 1PX",Wandsworth,"Dozens of rioters, many wearing hoods and scarves, ransacked the shop. A small number of riot police left the scene when they came under light bombardment from projectiles",http://www.guardian.co.uk/uk/2011/aug/09/london-riots-roundup-birmingham-liverpool,,placemark_circle
,"August 8, 2011",Monday,Halfords,"1A Catford Hill, London SE6 4NU",Lewisham,"a small group of young men decided to kick down the door of a Halfords store, in full view of the busy South Circular road, crowds and stopped cars",http://www.guardian.co.uk/uk/2011/aug/09/london-riots-roundup-birmingham-liverpool,,placemark_circle
,"August 8, 2011",Monday,Lewisham Town Centre,"51.4613, -0.016",Lewisham,The centre was sealed off and police said the damage was not too serious.,http://www.guardian.co.uk/uk/2011/aug/09/london-riots-roundup-birmingham-liverpool,,placemark_circle
,"August 8, 2011",Monday,Camden Lock,"89 Chalk Farm Road, London NW1 8AR",Camden,A number of police officers were setting up a series of cordons following reports of trouble. Uniformed officers and riot police were patrolling on the streets near Camden Lock with some masked youths also seen in the area.,http://www.guardian.co.uk/uk/2011/aug/09/london-riots-roundup-birmingham-liverpool,,placemark_circle
3:00:00,"August 8, 2011",Sunday,Brazas Restaurant,"45 Tulse Hill
London SW2 2TJ
020 8678 0697",Lambeth,"A popular Portuguese cafe on Tulse Hill had their windows, door and counter glass smashed window and food and groceries stolen",,,placemark_circle
17:00:00,"August 8, 2011",Monday,Mare Street,"Mare Street
London E8",Hackney,Running scuffles between youth gangs and police,,,placemark_circle
,"August 8, 2011",Monday,National Express Bus,"Corporation Street, Birmingham B4 7ET",Birmingham,"Bus boarded by youths, smashed windows tried to set light to engine",http://www.birminghammail.net/news/top-stories/2011/08/09/birmingham-city-centre-violence-an-eyewitness-account-of-how-rush-hour-turned-into-terror-97319-29202618/,,placemark_circle
23:49:00,"August 8, 2011",Monday,Sony Distribution Centre,"6  Solar Way
Enfield
Middlesex
EN3 7XY",Enfield,Set on fire. Completely engulfed by flames and destroyed,http://www.youtube.com/watch?v=-lac1pkxEJ0,,placemark_circle
,"August 8, 2011",Monday,Bus,"Priory Queensway, Birmingham, West Midlands, B4 7LL",Birmingham,Group try to board bus,http://www.birminghammail.net/news/top-stories/2011/08/09/birmingham-city-centre-violence-city-centre-workers-lock-themselves-in-as-rioters-raid-stores-97319-29202617/,,placemark_circle
22:30:00,"August 8, 2011",Monday,London Road,"London Road, Croydon, London SE1",Croydon,Several shops had been smashed and looted and two burning cars were left in the middle of the road. The road is now closed,http://www.guardian.co.uk/uk/blog/2011/aug/09/london-riots-violence-looting-live#block-19,,placemark_circle
19:00:00,"August 8, 2011",Monday,Pure Gym,"181 Broad Street
Birmingham, West Midlands B15 1DA",Birmingham,Window smashed in gym,http://www.birminghammail.net/news/top-stories/2011/08/09/birmingham-city-centre-violence-city-centre-workers-lock-themselves-in-as-rioters-raid-stores-97319-29202617/,,placemark_circle
18:00:00,"August 8, 2011",Monday,Pallasades Shopping Centre,"The Pallasades
Birmingham B2 4XJ",Birmingham,Stand off between police and gangs of youth in first event of evening,http://www.birminghammail.net/news/top-stories/2011/08/09/birmingham-city-centre-violence-city-centre-workers-lock-themselves-in-as-rioters-raid-stores-97319-29202617/,,placemark_circle
,"August 8, 2011",Monday,Haven Green,"Bordesley St Birmingham, West Midlands B5",Ealing,"Haven Green, which was calm early yesterday evening, looked as though it had hosted a messy and raucous festival after looting and violence during the night",http://www.guardian.co.uk/uk/blog/2011/aug/09/london-riots-violence-looting-live#block-13,,placemark_circle
19:00:00,"August 8, 2011",Monday,Bullring shopping centre,"38 High Street
West Midlands, Birmingham B4 7SL",Birmingham,"Mall closes early, staff locked inside shops including House of Fraser for protection",http://www.birminghammail.net/news/top-stories/2011/08/09/birmingham-city-centre-violence-city-centre-workers-lock-themselves-in-as-rioters-raid-stores-97319-29202617/,,placemark_circle
,"August 8, 2011",Monday,The Broadway,"The Broadway
Ealing, Greater London",Ealing,The Broadway had attracted most of the rioters' wrath: only shops with metal shutters had endured the night unscathed.,http://www.guardian.co.uk/uk/blog/2011/aug/09/london-riots-violence-looting-live#block-13,,placemark_circle
20:00:00,"August 8, 2011",Monday,Colmore Row,"Great Western Arcade
Birmingham, West Midlands B2 5HU",Birmingham,Cashpoint attacked,http://www.birminghammail.net/news/top-stories/2011/08/09/birmingham-city-centre-violence-city-centre-workers-lock-themselves-in-as-rioters-raid-stores-97319-29202617/,,placemark_circle
,"August 8, 2011",Monday,Tesco,"3-4 The Parade, London W13 9QR",Ealing,"Smashed shop windows, hit by the violence of Monday night",http://www.guardian.co.uk/uk/blog/2011/aug/09/london-riots-violence-looting-live#block-13,,placemark_circle
,"August 8, 2011",Monday,Adidas store,"143-144 New Street, Birmingham, Warwickshire B2 4NY",Birmingham,"Shop looted, arrests made",http://www.birminghammail.net/news/top-stories/2011/08/09/birmingham-city-centre-violence-city-centre-workers-lock-themselves-in-as-rioters-raid-stores-97319-29202617/,,placemark_circle
,"August 8, 2011",Monday,Ealing Broadway station,"Ealing, Greater London W5",Ealing,Commuters being turned away - now a crime scene after violence caused damage to surrounding shops and glass litters the floor,http://www.guardian.co.uk/uk/blog/2011/aug/09/london-riots-violence-looting-live#block-13,,placemark_circle
19:30:00,"August 8, 2011",Monday,Tandem Centre retail park,"Tandem Retail Park, Tandem Way, Merton, London SW19 2TY",Merton,Group of youths congregated in the area and broke into several shops and set some on fire,http://www.guardian.co.uk/uk/blog/2011/aug/09/london-riots-violence-looting-live#block-16,,placemark_circle
19:30:00,"August 8, 2011",Monday,Jessops,"Unit 14, The Tandem Centre, Tandem Way, London SW19 2TY",Merton,"Youths started running towards the shops, and set the Jessops alight. Rioters broke into the store and stole contents",http://www.guardian.co.uk/uk/blog/2011/aug/09/london-riots-violence-looting-live#block-16,,placemark_circle
19:30:00,"August 8, 2011",Monday,Game,"Unit 9A Tandem Centre
Colliers Wood
SW19 2TY",Merton,"Rioters broke into the store, smashed glass and stole goods",http://www.guardian.co.uk/uk/blog/2011/aug/09/london-riots-violence-looting-live#block-16,,placemark_circle
19:30:00,"August 8, 2011",Monday,JD Sports,"Tandem Retail Park, Christchurch Road, Merton, London SW19 2TY",Merton,"Rioters broke into the store, smashed glass and stole goods",http://www.guardian.co.uk/uk/blog/2011/aug/09/london-riots-violence-looting-live#block-16,,placemark_circle
19:30:00,"August 8, 2011",Monday,Argos,"Tandem Retail Park, Christchurch Road, Merton, London SW19 2TY",Merton,"Rioters broke into the store, smashed glass and stole goods",http://www.guardian.co.uk/uk/blog/2011/aug/09/london-riots-violence-looting-live#block-16,,placemark_circle
19:30:00,"August 8, 2011",Monday,Harveys,"UNIT 3 PRIORY RETAIL PARK
COLLIERS WOOD
MERTON
SURREY

SW19 2HR",Merton,"Rioters broke into the store, smashed glass and stole goods and set store on fire",http://www.guardian.co.uk/uk/blog/2011/aug/09/london-riots-violence-looting-live#block-16,,placemark_circle
19:30:00,"August 8, 2011",Monday,Mothercare,"Unit 2 Priory Retail Park131 High Street, Colliers Wood SW19 2PP",Merton,"Rioters broke into the store, smashed glass and stole goods and set store on fire",http://www.guardian.co.uk/uk/blog/2011/aug/09/london-riots-violence-looting-live#block-16,,placemark_circle
23:45:00,"August 8, 2011",Monday,"Smithdown Road, junction with Lodge Lane","53.39842, -2.94932",Liverpool,Mob sets fire to two vehicles. Eyewitnesses reported seeing around 150 youths pelting passing police vans,http://www.liverpoolecho.co.uk/liverpool-news/local-news/2011/08/09/liverpool-riots-see-police-attacked-and-cars-set-on-fire-galleries-videos-100252-29202979/#ixzz1UWIfoFle,,placemark_circle
,"August 8, 2011",Monday,Duppas Hill Road,Croydon CR0 4BG,Croydon,Road closed after fires in nearby area,http://www.guardian.co.uk/uk/blog/2011/aug/09/london-riots-violence-looting-live#block-19,,placemark_circle
,"August 8, 2011",Monday,Montacute road,"New Addington, Croydon, Greater London CR0",Croydon,"A building fire caused Montacute road in New Addington, south east London, to be closed",http://www.guardian.co.uk/uk/blog/2011/aug/09/london-riots-violence-looting-live#block-19,,placemark_circle
,"August 8, 2011",Monday,Upper Parliament Street,"53.39867, -2.95099",Liverpool,Youth set fire to minibus and smash bus stops,http://www.liverpoolecho.co.uk/liverpool-news/local-news/2011/08/09/liverpool-riots-see-police-attacked-and-cars-set-on-fire-gallery-video-100252-29202979/2/,,placemark_circle
,"August 8, 2011",Monday,Ripple Road,"51.5342, 0.1133",Barking,A building fire caused the road to close,http://www.guardian.co.uk/uk/blog/2011/aug/09/london-riots-violence-looting-live#block-19,,placemark_circle
,"August 8, 2011",Monday,Grove Street,"53.40068, -2.96234",Liverpool,dozens of cars smashed up and some set alight,http://www.liverpoolecho.co.uk/liverpool-news/local-news/2011/08/09/liverpool-riots-see-police-attacked-and-cars-set-on-fire-gallery-video-100252-29202979/2/,,placemark_circle
,"August 8, 2011",Monday,Old Kent Road,"51.48603, -0.0703",Southwark,Last night the men from the local mosque were out defending the area. One shop was broken into.,http://www.guardian.co.uk/uk/blog/2011/aug/09/london-riots-violence-looting-live#block-21,,placemark_circle
,"August 8, 2011",Monday,"Princes Road, Princes Avenue","53.3924, -2.9598",Liverpool,Cars set on fire,http://www.bbc.co.uk/news/uk-england-merseyside-14455814,,placemark_circle
23:30:00,"August 8, 2011",Monday,St Anns Police Station,"St Ann's Well Rd, Nottingham NG3 3HR",Nottingham,Police station attacked,http://www.bbc.co.uk/news/uk-england-nottinghamshire-14455584,,placemark_circle
23:30:00,"August 8, 2011",Monday,Pym Street,"52.95968, -1.12934",Nottingham,At least 10 cars set on fire,http://www.bbc.co.uk/news/uk-england-nottinghamshire-14455584,,placemark_circle
,"August 8, 2011",Monday,"Gowthorne Street, New Basford","New Basford, Nottingham, NG7, UK",Nottingham,Container of 200 tyres was also set on fire,http://www.bbc.co.uk/news/uk-england-nottinghamshire-14455584,,placemark_circle
,"August 8, 2011",Monday,Abbotsford Dr,"Abbotsford Dr
Nottingham NG3",Nottingham,30 people threw missiles at a marked police car,http://www.bbc.co.uk/news/uk-england-nottinghamshire-14455584,,placemark_circle
,"August 8, 2011",Monday,JD Sports,"The Victoria Centre, Unit 309 The Victoria SC, Nottingham NG1 3QN",Nottingham,Store looted,http://www.bbc.co.uk/news/uk-england-nottinghamshire-14455584,,placemark_circle
,"August 8, 2011",Monday,Kelham Green,"52.96121, -1.12620",Nottingham,Cars attacked,http://www.bbc.co.uk/news/uk-england-nottinghamshire-14455584,,placemark_circle
,"August 8, 2011",Monday,Luther Close,"52.96522, -1.13267",Nottingham,Cars attacked,http://www.bbc.co.uk/news/uk-england-nottinghamshire-14455584,,placemark_circle
19:30:00,"August 8, 2011",Monday,Kilburn High Road,"259 Kilburn High Road, Hampstead
London, NW6 7JR",Brent,"20 arrests made, gang of youths in hoodies and tights over heads",http://www.guardian.co.uk/uk/2011/aug/09/london-riots-roundup-birmingham-liverpool,,placemark_circle
21:30-22:30,"August 8, 2011",Monday,Debenhams,"315 Lavender Hill, Clapham, London SW11 1QL",Wandsworth,Rioters smashed into the store and stole goods,http://www.guardian.co.uk/uk/blog/2011/aug/09/london-riots-violence-looting-live#block-26,,placemark_circle
,"August 8, 2011",Monday,Burger King,"46-52 Rye Lane, Camberwell, London SE15 5",Peckham,Cordoned off by police after being badly damaged in the violence,http://www.guardian.co.uk/uk/blog/2011/aug/09/london-riots-violence-looting-live#block-31,,placemark_circle
,"August 8, 2011",Monday,Ladbrokes,"259 Rye Lane, London SE15 4UA",Peckham,Cordoned off by police after being badly damaged in the violence,http://www.guardian.co.uk/uk/blog/2011/aug/09/london-riots-violence-looting-live#block-31,,placemark_circle
,"August 8, 2011",Monday,Bus,"Peckham Rd, Southwark, London SE5 8PR",Peckham,Bus set alight on Monday evening during the violence,http://www.guardian.co.uk/uk/blog/2011/aug/09/london-riots-violence-looting-live#block-31,,placemark_circle
,"August 8, 2011",Monday,Argos,"367-369 Walworth Road, London SE17 2AL",Southwark,Raided during violence on Monday night,http://www.guardian.co.uk/uk/blog/2011/aug/09/london-riots-violence-looting-live#block-32,,placemark_circle
,"August 8, 2011",Monday,Betfred,"361-363 Walworth Road, London SE17 2AL",Southwark,Raided during violence on Monday night,http://www.guardian.co.uk/uk/blog/2011/aug/09/london-riots-violence-looting-live#block-32,,placemark_circle
,"August 8, 2011",Monday,Pawn shop,"Walworth Road, London SE17 2AL",Southwark,Raided during violence on Monday night,http://www.guardian.co.uk/uk/blog/2011/aug/09/london-riots-violence-looting-live#block-32,,placemark_circle
,"August 8, 2011",Monday,Sainsburys,"181 High Street, Beckenham BR3 1AH",Beckenham,Looted,http://www.guardian.co.uk/uk/blog/2011/aug/09/london-riots-violence-looting-live#block-33,,placemark_circle
,"August 8, 2011",Monday,Topshop,"High Street, Bromley, Kent BR1 1EZ",Bromley,Looted,http://www.guardian.co.uk/uk/blog/2011/aug/09/london-riots-violence-looting-live#block-33,,placemark_circle
,"August 8, 2011",Monday,Shopkeepers,Kingsland High Street,Hackney,A group of Turkish shopkeepers were out on the streets defending their businesses,http://www.guardian.co.uk/uk/blog/2011/aug/09/london-riots-violence-looting-live#block-34,http://www.guardian.co.uk/uk/video/2011/aug/09/london-riots-london,placemark_circle
,"August 8, 2011",Monday,Independent Sports shop,"Walworth Road, London SE17 2AL",Southwark,Damaged and broken into - possibly looted,http://www.guardian.co.uk/uk/blog/2011/aug/09/london-riots-violence-looting-live#block-39,,placemark_circle
,"August 8, 2011",Monday,Argos,"367-369 Walworth Road, London SE17 2AL",Southwark,Damaged and broken into - possibly looted,http://www.guardian.co.uk/uk/blog/2011/aug/09/london-riots-violence-looting-live#block-39,,placemark_circle
,"August 8, 2011",Monday,Independent phone shop,"Walworth Road, London SE17 2AL",Southwark,Damaged and broken into - possibly looted,http://www.guardian.co.uk/uk/blog/2011/aug/09/london-riots-violence-looting-live#block-39,,placemark_circle
,"August 8, 2011",Monday,O2,"337 Walworth Road, London SE17 2AL",Southwark,Damaged and broken into - possibly looted,http://www.guardian.co.uk/uk/blog/2011/aug/09/london-riots-violence-looting-live#block-39,,placemark_circle
,"August 8, 2011",Monday,Carphone Warehouse,"239 Walworth Road, London, GB SE17 1RL",Southwark,Damaged and broken into - possibly looted,http://www.guardian.co.uk/uk/blog/2011/aug/09/london-riots-violence-looting-live#block-39,,placemark_circle
,"August 8, 2011",Monday,Phones4U,"287 Walworth Road, Walworth, London SE17 2TG",Southwark,Damaged and broken into - possibly looted,http://www.guardian.co.uk/uk/blog/2011/aug/09/london-riots-violence-looting-live#block-39,,placemark_circle
,"August 8, 2011",Monday,Cash Converters,"312 Walworth Road, London SE17 2NA",Southwark,Damaged and broken into - possibly looted,http://www.guardian.co.uk/uk/blog/2011/aug/09/london-riots-violence-looting-live#block-39,,placemark_circle
,"August 8, 2011",Monday,Foot Locker,"299 Walworth Road, London SE17 2TG",Southwark,Damaged and broken into - possibly looted,http://www.guardian.co.uk/uk/blog/2011/aug/09/london-riots-violence-looting-live#block-39,,placemark_circle
,"August 8, 2011",Monday,Boots,"289-291 Walworth Road, London SE17 2TG",Southwark,Damaged and broken into - possibly looted,http://www.guardian.co.uk/uk/blog/2011/aug/09/london-riots-violence-looting-live#block-39,,placemark_circle
,"August 8, 2011",Monday,Bookies,"Walworth Road, London SE17 2AL",Southwark,Damaged and broken into - possibly looted,http://www.guardian.co.uk/uk/blog/2011/aug/09/london-riots-violence-looting-live#block-39,,placemark_circle
,"August 8, 2011",Monday,Barclays,"260 Walworth Road, London SE17 1JF",Southwark,Damaged and broken into - possibly looted,http://www.guardian.co.uk/uk/blog/2011/aug/09/london-riots-violence-looting-live#block-39,,placemark_circle
,"August 8, 2011",Monday,The Ledbury,"127 Ledbury Road, London W11 2AQ",Kensington & Chelsea,"Gang broke into the Michelin-star restaurant wearing hoodies, masks, and with random weapons. The rioters smashed up the place and diners were forced to hide in the cellar as rioters targeted them for theft",http://www.guardian.co.uk/uk/blog/2011/aug/09/london-riots-violence-looting-live#block-56,,placemark_circle
,"August 8, 2011",Monday,Church Street,Croydon CR0,Croydon,Flats above small independent shops were caught up in the blaze as fire spread from below,http://www.guardian.co.uk/uk/blog/2011/aug/09/london-riots-violence-looting-live#block-81,http://i.dailymail.co.uk/i/pix/2011/08/08/article-2023874-0D5B629200000578-550_964x639.jpg,placemark_circle
,"August 8, 2011",Monday,Norwood Road,"51.43742, -0.10555",Lambeth,Groups of youths spotted looting nearby,http://www.guardian.co.uk/uk/blog/2011/aug/09/london-riots-violence-looting-live#block-84,http://www.flickr.com/photos/metropolitanpolice/6025500442/in/set-72157627267892973/#/photos/metropolitanpolice/6025500442/in/set-72157627267892973/lightbox/,placemark_circle
,"August 8, 2011",Monday,Man attacked on Springbridge Road,"51.51379, -0.30460",Ealing,"Witnesses said the victim, believed to be in his 40s or 50s, was set upon by youths when he tried to put out a fire that had been started in a bin on Springbridge Road near the Arcadia shopping centre",http://www.guardian.co.uk/uk/blog/2011/aug/10/manchester-riots-uk-disorder-day-four-live#block-46,,placemark_circle
,"August 8, 2011",Monday,"McDonald’s restaurant in London Road, Headington","51.76266, -1.19522",Oxford,"arson attack on the McDonald’s restaurant in London Road, Headington",http://www.thamesvalley.police.uk/newsevents-news-item.htm?id=186684,,placemark_circle
0:54:00,"August 8, 2011",Monday,"Reading Angling Centre, in Northumberland Avenue","51.44007, -0.9624",Thames Valley,"A window was also smashed at the Reading Angling Centre, in Northumberland Avenue. ",http://www.thamesvalley.police.uk/newsevents-news-item.htm?id=186684,,placemark_circle
1:00:00,"August 8, 2011",Monday,Slough,"51.5393, -0.629",Thames Valley,"There was a fire at the derelict Jolly Londoner pub, in Wentworth Avenue, Britwell, Slough",http://www.thamesvalley.police.uk/newsevents-news-item.htm?id=186684,,placemark_circle
23:00:00,"August 8, 2011",Monday,High Wycombe,"51.62941, -0.78143",Thames Valley,A brick was thrown through the window of a house in Cross Road at around 11.20pm,http://www.thamesvalley.police.uk/newsevents-news-item.htm?id=186684,,placemark_circle
19:00:00,"August 8, 2011",Monday,Injured man robbed by rioters in Barking,"51.53635, 0.0815",Barking,A 20-year old Malaysian man was robbed after a group of rioters looked like they were helping him up as he bled from his mouth. The man was on his way to buy food to break his Ramadan fast,http://www.guardian.co.uk/uk/blog/2011/aug/10/manchester-riots-uk-disorder-day-four-live#block-52,,placemark_circle
,"August 8, 2011",Monday,Jubilee Crescent,"Jubilee Crescent, Coventry, West Midlands CV6 3EX",Coventry,"Youths went on a wrecking spree in Jubilee Crescent in Radford on Monday night, smashing windows at four businesses, including a charity shop, which was also raided by a masked gang",http://www.coventrytelegraph.net/news/coventry-news/2011/08/10/coventry-police-step-up-patrols-to-prevent-spread-of-riots-92746-29210360/,,placemark_circle
0:54:00,"August 8, 2011",Monday,"Greggs, Christchurch Road, Reading ","51.44308, -0.95564",Thames Valley,"A window was smashed at Greggs, in Christchurch Road, Reading ",http://www.thamesvalley.police.uk/newsevents-news-item.htm?id=186684,,placemark_circle
12:54:00,"August 9, 2011",Tuesday,Cyber Candy,"80 Bull Street, BIRMINGHAM, B4 6AB",Birmingham,Boarded up windows after damage to store front on Monday night,http://yfrog.com/kedm23j,http://desmond.yfrog.com/Himg734/scaled.php?tn=0&server=734&filename=dm23.jpg&xsize=640&ysize=640,placemark_circle
,"August 9, 2011",Monday,Richer Sounds,"48 East Street, Bromley BR1 1QW",Bromley,"Shop looted, windows smashed",http://www.newsshopper.co.uk/news/9184210.UPDATE__Richer_Sounds_smashed_in__Bromley_High_Street_and_Bromley_South_closed/,,placemark_circle
19:00:00,"August 9, 2011",Tuesday,Money Shop,"46 Hankinson Way, Salford",Salford,Shop looted,Agency reports,,placemark_circle
19:38:00,"August 9, 2011",Tuesday,Diesel,Manchester M2 4NJ,Manchester,ITV reporter and camera crew attacked as youths loot shop,http://www.twitter.com/mtattersallitv,,placemark_circle
19:30:00,"August 9, 2011",Tuesday,Bang & Olufsen,"55 King St, Manchester M2 4LQ",Manchester,Shop looted,Eyewitness report,,placemark_circle
19:57:00,"August 9, 2011",Tuesday,Swarovski,"53.4876, -2.244",Manchester,Shop looted,http://yfrog.com/h7n7jimj,http://yfrog.com/h7n7jimj,placemark_circle
20:00:00,"August 9, 2011",Tuesday,Tesco Express,"PRINCESS STREET, MANCHESTER, GREATER MANCHESTER, M2 4EW",Manchester,Shop looted,Agency reports,,placemark_circle
,"August 9, 2011",Monday,Bromley South rail station,High Street BROMLEY Greater London BR1 1LX,Bromley,Train station closed by rioting,http://www.newsshopper.co.uk/news/9184210.UPDATE__Richer_Sounds_smashed_in__Bromley_High_Street_and_Bromley_South_closed/,,placemark_circle
,"August 9, 2011",Monday,Argos,"17 The Mall  Bromley, Greater London  BR1 1TR",Bromley,Shop looted,http://www.newsshopper.co.uk/news/9184210.UPDATE__Richer_Sounds_smashed_in__Bromley_High_Street_and_Bromley_South_closed/,,placemark_circle
10:00:00,"August 9, 2011",Tuesday,Primark,"162 High Street, Bromley, BR1 1HE",Bromley,Store window found smashed,http://yfrog.com/kjd3ymnj,http://desmond.yfrog.com/Himg739/scaled.php?tn=0&server=739&filename=d3ymn.jpg&xsize=640&ysize=640,placemark_circle
17:47:00,"August 9, 2011",Tuesday,West Bromwich High Street,"52.51868, -1.9935",Sandwell,Two cars on fire - police on location,http://twitter.com/#!/WMPolice/statuses/100970929722626048,,placemark_circle
19:25:00,"August 9, 2011",Tuesday,Piccadilly Gardens,"Piccadilly Gardens, Manchester M60 1HX",Manchester,Youths clash with police,Channel 4 news,,placemark_circle
19:37:00,"August 9, 2011",Tuesday,Arndale Centre,"53.48437, -2.24106",Manchester,Shops broken into. Foot asylum looted by hundreds of youths,Channel 4 News,,placemark_circle
19:00:00,"August 9, 2011",Tuesday,Bargain Booze,"295-297 Littleton Road, City Centre, Salford",Salford,Shop looted,Agency reports,,placemark_circle
17:49:00,"August 9, 2011",Tuesday,Wolverhampton,"52.58524, -2.12708",Wolverhampton City Council,Some shops have been broken into and police officers on location,http://twitter.com/#!/WMPolice/statuses/100970929722626048,,placemark_circle
18:37:00,"August 9, 2011",Tuesday,Salford,"53.48931, -2.28690",Salford City Council,Shops smashed and BBC cameraman attacked,http://www.bbc.co.uk/news/uk-england-manchester-14467588,,placemark_circle
19:00:00,"August 9, 2011",Tuesday,Miss Selfridge,"74 Market Street, Manchester, Lancashire. M1 1PN",Manchester,Shop windows broken and building set on fire,Channel 4 news,,placemark_circle
,"August 9, 2011",Monday,Square Peg pub,"Corporation Street, West Midlands, Birmingham B4 6PH",Birmingham,"Window kicked in, customers barricaded inside",http://www.birminghammail.net/news/top-stories/2011/08/09/birmingham-city-centre-violence-an-eyewitness-account-of-how-rush-hour-turned-into-terror-97319-29202618/,,placemark_circle
,"August 9, 2011",Monday,Orange shop,"Unit 4, 79/84 High Street, Birmingham B4 7TE",Birmingham,"Shop looted, windows smashed",http://www.birminghammail.net/news/top-stories/2011/08/09/birmingham-city-centre-violence-city-centre-workers-lock-themselves-in-as-rioters-raid-stores-97319-29202617/,,placemark_circle
21:00:00,"August 9, 2011",Monday,Reeves furniture store,Croydon,Croydon,A large furniture showroom was engulfed and destroyed. Plumes of smoke were still coming from the burnt out building the following day,http://www.guardian.co.uk/uk/blog/2011/aug/09/london-riots-violence-looting-live#block-17,,placemark_circle
,"August 9, 2011",Monday,T-Mobile,"47/49 Corporation Street, Birmingham B2 4LS",Birmingham,"Shop looted, windows smashed",http://www.birminghammail.net/news/top-stories/2011/08/09/birmingham-city-centre-violence-city-centre-workers-lock-themselves-in-as-rioters-raid-stores-97319-29202617/,,placemark_circle
,"August 9, 2011",Monday,Austin Reed,"67 Temple Row
Birmingham
B2 5LS",Birmingham,"Shop looted, windows smashed",http://www.birminghammail.net/news/top-stories/2011/08/09/birmingham-city-centre-violence-city-centre-workers-lock-themselves-in-as-rioters-raid-stores-97319-29202617/,,placemark_circle
,"August 9, 2011",Monday,Jessops,"Unit 3, 55 Temple Row, Birmingham, West Midlands",Birmingham,"Shop looted, windows smashed",http://www.birminghammail.net/news/top-stories/2011/08/09/birmingham-city-centre-violence-city-centre-workers-lock-themselves-in-as-rioters-raid-stores-97319-29202617/,,placemark_circle
2:50:00,"August 9, 2011",Monday,Brent,"Brent, North West London",Brent,A police officer was injured after a car was driven into him while he was trying to stop looters. He is in a stable condition in hospital. A second officer suffered minor injuries.,http://www.guardian.co.uk/uk/blog/2011/aug/09/london-riots-violence-looting-live#block-7,,placemark_circle
19:30:00,"August 9, 2011",Monday,McDonalds,"55 Temple Row, Birmingham City Centre Birmingham B2 5LT",Birmingham,"Shop looted, windows smashed",http://www.birminghammail.net/news/top-stories/2011/08/09/birmingham-city-centre-violence-city-centre-workers-lock-themselves-in-as-rioters-raid-stores-97319-29202617/,,placemark_circle
,"August 9, 2011",Monday,Cornwall street,"Cornwall St Birmingham, West Midlands B3",Birmingham,Man in his 20s received a serious head injury,http://www.birminghammail.net/news/birmingham-news/2011/08/09/birmingham-city-centre-violence-juveniles-among-more-than-80-arrested-97319-29202973/#ixzz1UWBNRsVB,,placemark_circle
,"August 9, 2011",Tuesday,Rye Lane,"Rye Lane, London SE15",Peckham,Road closed after rioting,http://www.guardian.co.uk/uk/blog/2011/aug/09/london-riots-violence-looting-live#block-19,,placemark_circle
,"August 9, 2011",Tuesday,Myrtle Parade,"Liverpool, Merseyside L7 7EL",Liverpool,Mob attack a fire crew as they tried to tackle a burning car,http://www.liverpoolecho.co.uk/liverpool-news/local-news/2011/08/09/liverpool-riots-see-police-attacked-and-cars-set-on-fire-gallery-video-100252-29202979/2/#ixzz1UWK7y7FS,,placemark_circle
,"August 9, 2011",Tuesday,Station Road,"51.56915, 0.12984",Barking,Road closed after rioting,http://www.guardian.co.uk/uk/blog/2011/aug/09/london-riots-violence-looting-live#block-19,,placemark_circle
,"August 9, 2011",Monday,Tesco Express,"MYRTLE STREET,
LIVERPOOL,
MERSEYSIDE,
L7 7EL.",Liverpool,Tesco Express store reportedly looted,http://www.liverpoolecho.co.uk/liverpool-news/local-news/2011/08/09/liverpool-riots-see-police-attacked-and-cars-set-on-fire-gallery-video-100252-29202979/4/,,placemark_circle
,"August 9, 2011",Monday,Admiral Street Police Station,"Admiral Street
Liverpool
L8 8JN",Liverpool,"Crowd gather around police station, windows smashed and van set on fire",http://www.liverpoolecho.co.uk/liverpool-news/local-news/2011/08/09/liverpool-riots-ben-rossington-s-report-as-city-streets-descend-into-chaos-100252-29203083/2/,,placemark_circle
,"August 9, 2011",Monday,Tesco Express,"90-98 Broadmead
Stokes Croft, Bristol",Bristol,Store windows smashed,http://www.bbc.co.uk/news/uk-england-bristol-14454726,,placemark_circle
0:30:00,"August 9, 2011",Monday,Cabot Circus,"51.45891, -2.58554",Bristol,Gangs of youth gather,http://www.bbc.co.uk/news/uk-england-bristol-14454726,,placemark_circle
1:30:00,"August 9, 2011",Monday,Gloucester Road,"51.48149, -2.5881",Bristol,Bottles thrown at police,http://www.bbc.co.uk/news/uk-england-bristol-14454726,,placemark_circle
,"August 9, 2011",Monday,Portland Square,"51.46066, -2.58565",Bristol,Police and rioters clash,http://www.bbc.co.uk/news/uk-england-bristol-14454726,,placemark_circle
0:30:00,"August 9, 2011",Monday,Dean Street,"51.46187, -2.58540",Bristol,Police and rioters clash,http://www.thisisbristol.co.uk/Bristol-riots-eye-witness-report/story-13096551-detail/story.html,,placemark_circle
1:00:00,"August 9, 2011",Monday,Bishop Street,"51.461783, -2.584891",Bristol,Police and rioters clash,http://www.thisisbristol.co.uk/Bristol-riots-eye-witness-report/story-13096551-detail/story.html,,placemark_circle
1:00:00,"August 9, 2011",Monday,Jamaica Inn,"2-4, Grosvenor Road, Bristol, Bristol, BS2 8XW",Bristol,Police and rioters clash in first major clash,http://www.thisisbristol.co.uk/Bristol-riots-eye-witness-report/story-13096551-detail/story.html,,placemark_circle
2:30:00,"August 9, 2011",Monday,Ashley Road,"51.46540, -2.58447",Bristol,Police and rioters clash,,,placemark_circle
,"August 9, 2011",Monday,Thomas Sabo jewellers,"Brigstowe St, Bristol, Avon BS1 3BH",Bristol,Jewellers' windows smashed and shop looted,Agency reports,,placemark_circle
,"August 9, 2011",Monday,Cabot Circus shopping centre,"Bond Street, Cabot Circus Bristol, Bristol BS1 3DJ",Bristol,Shopping centre attacked,Agency reports,,placemark_circle
,"August 9, 2011",Monday,Gas main,"51.4689, -2.5857",Bristol,Gas main set alight,Agency reports,,placemark_circle
,"August 9, 2011",Monday,Vodafone shop,"156 Kilburn High Road
	London
	NW6 4JD",Brent,Shop looted and smashed in,Eyewitness report,,placemark_circle
,"August 9, 2011",Monday,Chatham,"Chatham, Kent",Kent,"Kent police have said that 10 men have been arrested in Medway following incidents of vandalism in Chatham, Rainham and Gillingham.",http://www.guardian.co.uk/uk/blog/2011/aug/09/london-riots-violence-looting-live#block-24,,placemark_circle
,"August 9, 2011",Monday,Rainham,Rainham,Kent,"Kent police have said that 10 men have been arrested in Medway following incidents of vandalism in Chatham, Rainham and Gillingham.",http://www.guardian.co.uk/uk/blog/2011/aug/09/london-riots-violence-looting-live#block-24,,placemark_circle
,"August 9, 2011",Monday,Gillingham,Gillingham,Kent,"Kent police have said that 10 men have been arrested in Medway following incidents of vandalism in Chatham, Rainham and Gillingham.",http://www.guardian.co.uk/uk/blog/2011/aug/09/london-riots-violence-looting-live#block-24,,placemark_circle
0:55:00,"August 9, 2011",Monday,"New Street, Chatham","New St
Chatham ME4 6RH",Medway,Cars set on fire,http://www.bbc.co.uk/news/uk-england-kent-14455844,,placemark_circle
,"August 9, 2011",Monday,Lavender Hill,Clapham,Clapham,Armoured vehicles — known as Jenkels — were brought in during the early hours of the morning in Clapham Junction where much of the worst looting and arson took place. The vehicles were driven onto Lavender Hill to push back a crowd of 150 looters who had smashed up Debenhams and other stores and businesses in the area.,http://www.guardian.co.uk/uk/blog/2011/aug/09/london-riots-violence-looting-live#block-26,,placemark_circle
1:00:00,"August 9, 2011",Monday,Maidstone Road Chatham,"51.3610, 0.5155",Medway,Cars set on fire,http://www.bbc.co.uk/news/uk-england-kent-14455844,,placemark_circle
1:30:00,"August 9, 2011",Monday,"Eldon Street, Chatham","51.38174, 0.53102",Medway,Cars set on fire,http://www.bbc.co.uk/news/uk-england-kent-14455844,,placemark_circle
,"August 9, 2011",Monday,Pembury Estate,"Pembury Estate, Hackney, Greater London E8 1",Hackney,Scene of much of yesterdays violence and rioting,http://www.guardian.co.uk/uk/blog/2011/aug/09/london-riots-violence-looting-live#block-28,,placemark_circle
,"August 9, 2011",Monday,Clarence convenience store,"50-52 Clarence Road, London E5 8HB",Hackney,Looted and shutters covered in graffiti,http://www.guardian.co.uk/uk/blog/2011/aug/09/london-riots-violence-looting-live#block-28,,placemark_circle
,"August 9, 2011",Monday,Clarks shoe shop,"61/63 Rye Lane, Greater London SE15 5EX",Peckham,Looters broke into a Clarks shoe shop by throwing a bin through a window,http://www.guardian.co.uk/uk/blog/2011/aug/09/london-riots-violence-looting-live#block-31,,placemark_circle
,"August 9, 2011",Monday,Primark,"51-57 Rye Ln, LONDON SE15 5EY",Peckham,Smashed glass,http://www.guardian.co.uk/uk/blog/2011/aug/09/london-riots-violence-looting-live#block-31,,placemark_circle
,"August 9, 2011",Tuesday,Hackney Town Hall,"Mare Street, London E8 1EA",Hackney,Reportedly has been evacuated due to riot risk in London Fields,http://www.guardian.co.uk/uk/blog/2011/aug/09/london-riots-violence-looting-live#block-94,,placemark_circle
,"August 9, 2011",Tuesday,Albert Street,Albert Street Birmingham B5 5,Birmingham,Vehicle set on fire,Agency reports,,placemark_circle
,"August 9, 2011",Tuesday,Pretty Green,"81 King Street, Manchester M2 4AH",Manchester,Former Oasis singer Liam Gallagher's shop looted,Agency reports,,placemark_circle
,"August 9, 2011",Tuesday,H Pollock Jewellers,13  Shudehill Manchester Greater Manchester M4 2AF,Manchester,"Jewellers looted, windows smashed",Agency reports,,placemark_circle
19:30:00,"August 9, 2011",Tuesday,Salford Shopping City,1A Hankinson Way Salford M6 5JA,Salford,200 youths confront police,Agency reports,,placemark_circle
,"August 9, 2011",Tuesday,3 Mobile,"24 St Ann's Square, Manchester M2 7JB",Manchester,Shop looted,Agency reports,,placemark_circle
,"August 9, 2011",Tuesday,Ugg,Manchester M1 1AD,Manchester,Shoe store has windows smashed,http://menmedia.co.uk/manchestereveningnews/news/s/1455173_live-blog---15-arrested-after-disturbances-in-manchester-and-salford,,placemark_circle
,"August 9, 2011",Tuesday,Park Road South area,"53.39057, -3.04008",Birkenhead,Reports of up to 100 youths wrecking vehicles in the Park Road South area,http://www.guardian.co.uk/uk/blog/2011/aug/10/manchester-riots-uk-disorder-day-four-live#block-5,,placemark_circle
,"August 9, 2011",Tuesday,Meadows Police station,"52.94203, -1.15936
",Nottingham,Meadows Police station was attacked by a gang of between 15-20 males and a police car was set alight outside,http://www.guardian.co.uk/uk/blog/2011/aug/10/manchester-riots-uk-disorder-day-four-live#block-6,,placemark_circle
16:30:00,"August 9, 2011",Tuesday,Job Centre,"57 Queen Street, City Centre, Wolverhampton WV1 3AF",Wolverhampton,Windows smashed by gangs that gathered nearby at Queen Square,http://www.guardian.co.uk/uk/blog/2011/aug/10/manchester-riots-uk-disorder-day-four-live#block-9,,placemark_circle
,"August 9, 2011",Tuesday,Cafe,"53.48072, -2.2481",Manchester,Windows smashed by rioters,http://www.guardian.co.uk/uk/2011/aug/09/riots-salford-wolverhampton-west-bromwich,,placemark_circle
22:00:00,"August 9, 2011",Monday,"Barns Road, Oxford","51.72935, -1.21090",Oxford,"Reports of bin fires in Barns Road, Oxford",http://www.thamesvalley.police.uk/newsevents-news-item.htm?id=186684,,placemark_circle
0:20:00,"August 9, 2011",Tuesday,"Macro store in Elgar Road South, Reading","51.44185, -0.97135",Reading,Police made nine arrests following a burglary at the Macro store in Elgar Road South.,http://www.thamesvalley.police.uk/newsevents-news-item.htm?id=186684,,placemark_circle
0:30:00,"August 9, 2011",Monday,The Great Harry Pub,7-9 Wellington Street Woolwich Greater London SE18 6NY,Greenwich,Gutted by fire,http://www.bexleytimes.co.uk/news/woolwich_riots_pub_bank_and_police_car_on_fire_1_988302,,placemark_circle
,"August 9, 2011",Monday,Coral,11 Brewery Road London SE18 7PS,Greenwich,Broken into and vandalised,http://www.wharf.co.uk/2011/08/woolwich-stunned-after-night-o-1.html,,placemark_circle
,"August 9, 2011",Tuesday,Bordesley Street,"Bordesley St Birmingham, West Midlands B5",Birmingham,Vehicle set on fire,Agency reports,,placemark_circle
,"August 9, 2011",Tuesday,Sainsburys,130-136 Deansgate Manchester M3 2GQ,Manchester,Supermarket looted,Agency reports,,placemark_circle
,"August 9, 2011",Tuesday,Life clothes store,"15 Old Bank Street, Manchester City Centre Manchester M2 7PE",Manchester,Shop looted,Agency reports,,placemark_circle
,"August 9, 2011",Tuesday,Canning Circus Police Station,"Derby Road, Nottingham, Nottinghamshire NG7 1LS",Nottingham,Police station was firebombed by a group of up to 40 men,http://www.guardian.co.uk/uk/blog/2011/aug/09/london-uk-riots-day-four-live#block-16,,placemark_circle
,"August 9, 2011",Tuesday,Marks & Spencer,"42 High Street Birmingham, West Midlands B4 7SS",Birmingham,"Shop attacked, windows smashed",Agency reports,,placemark_circle
,"August 9, 2011",Tuesday,Orange,"23 Saint Ann's Square, Manchester, Greater Manchester M2 7PS",Manchester,Shop looted,Agency reports,,placemark_circle
,"August 9, 2011",Tuesday,Patisserie Valerie,2-4 St Ann Street Deansgate Manchester M3 2BW,Manchester,Cake shop windows smashed,http://menmedia.co.uk/manchestereveningnews/news/s/1455173_live-blog---15-arrested-after-disturbances-in-manchester-and-salford,,placemark_circle
,"August 9, 2011",Tuesday,Kro Bar,"One Piccadilly Gardens,
Unit A and B,
Manchester,
M1 1RG",Manchester,Windows smashed in,https://twitter.com/#!/amckeeganMEN/status/101041451969953793,,placemark_circle
,"August 9, 2011",Tuesday,Cafe Nero,"Unit 2, Piccadilly Gardens, Manchester, M1 1RG",Manchester,Windows smashed in,https://twitter.com/#!/amckeeganMEN/status/101041451969953793,,placemark_circle
,"August 9, 2011",Tuesday,Clarendon College,Pelham Avenue Nottingham NG5 1A,Nottingham,A fire broke out Clarendon College in Sherwood Rise following a fire bomb attack,http://www.guardian.co.uk/uk/blog/2011/aug/10/manchester-riots-uk-disorder-day-four-live#block-6,,placemark_circle
16:30:00,"August 9, 2011",Tuesday,Queen Square,"52.58629, -2.12843
",Wolverhampton,Up to 300 youths gathered there as riot police formed blockades in an attempt to cut off nearby Dudley Street,http://www.guardian.co.uk/uk/blog/2011/aug/10/manchester-riots-uk-disorder-day-four-live#block-9,,placemark_circle
16:30:00,"August 9, 2011",Tuesday,Burton Menswear,"8 Dudley Street, Wolverhampton WV1 3EY",Wolverhampton,Smashed windows by gangs during ther riots,http://www.guardian.co.uk/uk/blog/2011/aug/10/manchester-riots-uk-disorder-day-four-live#block-9,,placemark_circle
19:37:00,"August 9, 2011",Tuesday,Foot Asylum,"Unit L1, Arndale Centre, Corporation Street, Manchester, Greater Manchester M4 3AB",Manchester,Around 100 youths looted Foot Asylum in the Arndale Centre after two raiders smashed open the glass entrance with a large stone slab,http://www.guardian.co.uk/uk/2011/aug/09/riots-salford-wolverhampton-west-bromwich,,placemark_circle
,"August 9, 2011",Tuesday,Pretty Green,81 King Street Manchester M2 4ST,Manchester,"Owned by former Oasis singer Liam Gallagher, the store was hit by looters",http://www.guardian.co.uk/uk/2011/aug/09/riots-salford-wolverhampton-west-bromwich,,placemark_circle
19:30:00,"August 9, 2011",Tuesday,Piccadilly Museums,"53.4819, -2.2365",Manchester,An amusement arcade had been plundered. Machines were overturned in Piccadilly Museums with coins strewn across the carpet,http://www.guardian.co.uk/uk/2011/aug/09/riots-salford-wolverhampton-west-bromwich,,placemark_circle
20:06:00,"August 9, 2011",Tuesday,70 men started chasing local youths down the road shouting at them,"51.6585, -0.049",Enfield,70 men started chasing local youths down the road shouting at them,http://www.guardian.co.uk/uk/blog/2011/aug/09/london-riots-day-four-live-blog#block-98#block-98,,placemark_circle
20:30:00,"August 9, 2011",Monday,"Giles Road, Littlemore, Oxford","51.72231, -1.21923",Oxford,"The front window of a property in Giles Road, Littlemore, was smashed some time between 7.30pm and 9.30pm ",http://www.thamesvalley.police.uk/newsevents-news-item.htm?id=186684,,placemark_circle
21:40:00,"August 9, 2011",Monday,"Hollow Way, Oxfordshire","51.73984, -1.20582",Oxford,A 48-year-old man had to be taken to the John Radcliffe Hospital for treatment for smoke inhalation after a fire at some flats in Hollow Way.,http://www.thamesvalley.police.uk/newsevents-news-item.htm?id=186684,,placemark_circle
22:00:00,"August 9, 2011",Monday,"West Oxford Community Centre, Botley Road, Oxford","51.7540, -1.2749",Oxford,A bin was set alight outside the West Oxford Community Centre in Botley Road,http://www.thamesvalley.police.uk/newsevents-news-item.htm?id=186684,,placemark_circle
22:30:00,"August 9, 2011",Tuesday,A car was set alight and officers came under attack,"52.39452, -1.50412",Coventry,"Officers attended the scene following reports a parked car was ablaze and a petrol bomb had been thrown at a passing vehicle.  More than 20 police, including public order specialists, confronted a small crowd and gave chase as they tried fleeing the scene.",http://www.west-midlands.police.uk/latest-news/press-release.asp?ID=2401,,placemark_circle
1:39:00,"August 9, 2011",Monday,"Mansfield Road, Oxford","51.75503, -1.25178
",Oxford,"The contents of a skip in Mansfield Road, near to the junction of Holywell Street, were set alight.",http://www.thamesvalley.police.uk/newsevents-news-item.htm?id=186684,,placemark_circle
2:46:00,"August 9, 2011",Monday,20 firefighters attended a blaze at a shopping centre and offices,"51.48665, 0.06512",Greenwich,20 firefighters attended a blaze at a shopping centre and offices on Woolwich New Road,http://www.newsshopper.co.uk/news/9184248.VIDEO__Wetherspoons_burning_amid_Woolwich_riots/,,placemark_circle
,"August 9, 2011",Monday,Wimpy,"22-24 Thomas Street, London SE18 6HT",Greenwich,Smashed windows and vandalised,http://www.wharf.co.uk/2011/08/woolwich-stunned-after-night-o-1.html,,placemark_circle
,"August 9, 2011",Monday,Charles Dance Jewellers,"50 Hare Street, Greenwich, London SE18",Greenwich,"Broken into and looted. Estimated £60,000 worth of jewellery stolen",http://www.bexleytimes.co.uk/news/london_riots_the_aftermath_in_woolwich_1_989040,,placemark_circle
,"August 9, 2011",Tuesday,Leicester City Centre,"52.6414, -1.130",Leicestershire,Leicestershire police said officers had arrested 13 people following disturbances in Leicester city centre,http://www.guardian.co.uk/uk/blog/2011/aug/10/manchester-riots-uk-disorder-day-four-live#block-6,,placemark_circle
16:30:00,"August 9, 2011",Tuesday,No 1 Pizza,"28 Market Street Wolverhampton, Staffordshire WV1 3AG",Wolverhampton,"The shutter at No 1 Pizza, in Market Street, was also torn, leaving shopkeepers unable to close the building",http://www.guardian.co.uk/uk/blog/2011/aug/10/manchester-riots-uk-disorder-day-four-live#block-9,,placemark_circle
21:30:00,"August 9, 2011",Tuesday,Brunswick Road,"51.86221, -2.24615",Gloucstershire,Derelict building set on fire amidst rioting in the town,http://www.guardian.co.uk/uk/blog/2011/aug/10/manchester-riots-uk-disorder-day-four-live#block-11,,placemark_circle
21:30:00,"August 9, 2011",Tuesday,Barton Road,"51.85874, -2.2324",Gloucestershire,Scene of some of Tuesday evening's rioting,http://www.guardian.co.uk/uk/blog/2011/aug/10/manchester-riots-uk-disorder-day-four-live#block-11,,placemark_circle
,"August 9, 2011",Tuesday,Car set on fire in Albert Street,"52.48094, -1.88987",Birmingham,A car was set on fire in Albert Street by a large gang retreating from the Dale End part of the centre,http://www.guardian.co.uk/uk/2011/aug/09/riots-salford-wolverhampton-west-bromwich,,placemark_circle
,"August 9, 2011",Tuesday,House of Fraser,"52.48146, -1.89699",Birmingham,House of Fraser was attacked along with a nearby jewellery shop before a line of riot police with batons drove the crowd away,http://www.guardian.co.uk/uk/2011/aug/09/riots-salford-wolverhampton-west-bromwich,,placemark_circle
20:00:00,"August 9, 2011",Tuesday,Cardiff bay,"51.45917, -3.1861",Cardiff,attempted burglary at the JD Sports store,http://www.south-wales.police.uk/en/content/cms/news/police-attend-small-/,,placemark_circle
,"August 9, 2011",Tuesday,Two burnt out cars on Lawrence Road,"53.39710, -2.93436",Liverpool,Two burnt out cars found after the violence of Tuesday evening,http://www.bbc.co.uk/news/uk-14479285,,placemark_circle
,"August 9, 2011",Tuesday,Liver Launderette,"104 Prescot Road Fairfield, Liverpool, Merseyside L7 0JA",Liverpool,All the windows have been smashed but apparently not looted,http://www.bbc.co.uk/news/uk-14479285,,placemark_circle
8:00:00,"August 9, 2011",Tuesday,Cardiff,"51.47622, -3.2499",Cardiff,criminal damage to a takeaway shop in Cowbridge Road West,http://www.south-wales.police.uk/en/content/cms/news/police-attend-small-/,,placemark_circle
,"August 9, 2011",Tuesday,Belal's newsagent,"53.39703, -2.93432",Liverpool,"Looters also kicked in half the door at Belal's newsagent in Lawrence Road, got in and stole all the cigarettes and £500 cash",http://www.bbc.co.uk/news/uk-14479285,,placemark_circle
,"August 9, 2011",Monday,"ASDA Longhill Road - Off Bradford Road, Huddersfield ","53.683, -1.776",West Yorkshire,Police were injured as objects were thrown at them in their police car when trying to stop a group of 4 youths stealing TVs from the ASDA store.,West Yorkshire Police Press Office,,placemark_circle
0:30:00,"August 9, 2011",Monday,Police car set on fire near Woolwich DLR station,"51.498, 0.067",Greenwich,Police car was set alight near Woolwich DLR station,http://www.bexleytimes.co.uk/news/london_riots_the_aftermath_in_woolwich_1_989040,,placemark_circle
0:30:00,"August 9, 2011",Monday,"Asda (Greenwich shopping park, Charlton)","Bugsby's Way, Greenwich, London SE7 7ST",Greenwich,Reportedly set on fire during Monday's violence,http://www.newsshopper.co.uk/news/9184248.VIDEO__Wetherspoons_burning_amid_Woolwich_riots/,,placemark_circle
,"August 9, 2011",Monday,Blue Inc Clothes store,"47-49 Powis Street Thamesmead West, London SE18 6HZ",Greenwich,Set on fire,http://www.bexleytimes.co.uk/news/london_riots_the_aftermath_in_woolwich_1_989040,,placemark_circle
20:30:00,"August 9, 2011",Tuesday,Exchange Road area of Watford,"51.662, -0.397",Hertfordshire,A number of vehicles had been damaged in the Exchange Road area of Watford,http://www.bbc.co.uk/news/uk-england-beds-bucks-herts-14477372,,placemark_circle
,"August 10, 2011",Tuesday,Smithdown Road,"Smithdown Rd Liverpool, Merseyside L15",Liverpool,200 missile-throwing youths clash with police,Press Association,,placemark_circle
,"August 10, 2011",Tuesday,Jessops,27 Princess Street Manchester Lancashire M2 4HH,Manchester,"Camera store looted, near town hall",Agency,,placemark_circle
,"August 10, 2011",Wednesday,Three men killed on Dudley Road after being hit by a car,"52.48735, -1.9372",Birmingham,Three men have died following a road collision in the Winson Green area of Birmingham which detectives are treating as murder. The men are believed to have been pedestrians and it is unclear if the collision was related to the disturbances in other parts of the city,http://www.guardian.co.uk/uk/2011/aug/10/birmingham-riots-three-killed-crash,,placemark_circle
21:30:00,"August 10, 2011",Wednesday,"Eltham, London","51.457, 0.054",Greenwich,Missiles thrown at officers in Eltham. Incident dealt with and group dispersed. Police remain on scene.,Met Police,,placemark_circle_highlight